date_raw,price_raw,volume_raw,item,date,price,volume,display_label,log_return,percent_return,absolute_return,big_move,rolling_average_14,rolling_volatility_30,rolling_volume_14
Jan 01 2024 01: +0,641.87,2,Desert Eagle | Blaze (Factory New),2024-01-01,641.87,2,Desert Eagle | Blaze (Factory New),-0.057564349962462284,-5.756434996246228,0.057564349962462284,True,679.1988571428572,135.90208623097274,1.5
Jan 02 2024 01: +0,673.385,2,Desert Eagle | Blaze (Factory New),2024-01-02,673.385,2,Desert Eagle | Blaze (Factory New),0.04793144048279979,4.793144048279979,0.04793144048279979,False,679.1203571428571,136.30802434810022,1.4285714285714286
Jan 05 2024 01: +0,645.269,1,Desert Eagle | Blaze (Factory New),2024-01-05,645.269,1,Desert Eagle | Blaze (Factory New),-0.04264994734022563,-4.264994734022563,0.04264994734022563,False,672.4456428571428,134.89347267556008,1.4285714285714286
Jan 06 2024 01: +0,636.572,1,Desert Eagle | Blaze (Factory New),2024-01-06,636.572,1,Desert Eagle | Blaze (Factory New),-0.013569753898909466,-1.3569753898909467,0.013569753898909466,False,671.8131428571429,132.90975012847946,1.4285714285714286
Jan 08 2024 01: +0,547.359,1,Desert Eagle | Blaze (Factory New),2024-01-08,547.359,1,Desert Eagle | Blaze (Factory New),-0.1509926359410301,-15.09926359410301,0.1509926359410301,True,658.6242857142859,143.09365892455529,1.3571428571428572
Jan 09 2024 01: +0,632.129,3,Desert Eagle | Blaze (Factory New),2024-01-09,632.129,3,Desert Eagle | Blaze (Factory New),0.14398859296605349,14.398859296605348,0.14398859296605349,True,655.9610714285715,151.06192734254697,1.4285714285714286
Jan 10 2024 01: +0,642.516,2,Desert Eagle | Blaze (Factory New),2024-01-10,642.516,2,Desert Eagle | Blaze (Factory New),0.01629823194054721,1.629823194054721,0.01629823194054721,False,657.3281428571428,149.07875699359676,1.5
Jan 11 2024 01: +0,639.179,3,Desert Eagle | Blaze (Factory New),2024-01-11,639.179,3,Desert Eagle | Blaze (Factory New),-0.005207178837626565,-0.5207178837626565,0.005207178837626565,False,654.4643571428571,148.63567902861567,1.6428571428571428
Jan 12 2024 01: +0,616.563,2,Desert Eagle | Blaze (Factory New),2024-01-12,616.563,2,Desert Eagle | Blaze (Factory New),-0.03602403318101506,-3.6024033181015063,0.03602403318101506,False,648.4156428571429,148.85383467962305,1.7142857142857142
Jan 16 2024 01: +0,616.304,1,Desert Eagle | Blaze (Factory New),2024-01-16,616.304,1,Desert Eagle | Blaze (Factory New),-0.00042015887165477555,-0.04201588716547756,0.00042015887165477555,False,647.7967857142856,148.8540083313786,1.7142857142857142
Jan 17 2024 01: +0,639.657,2,Desert Eagle | Blaze (Factory New),2024-01-17,639.657,2,Desert Eagle | Blaze (Factory New),0.037191746895136726,3.7191746895136726,0.037191746895136726,False,645.9582142857143,149.29115230648333,1.7142857142857142
Jan 18 2024 01: +0,649.44,1,Desert Eagle | Blaze (Factory New),2024-01-18,649.44,1,Desert Eagle | Blaze (Factory New),0.015178357902704954,1.5178357902704953,0.015178357902704954,False,641.5063571428572,143.82075689434652,1.7142857142857142
Jan 19 2024 01: +0,696.246,1,Desert Eagle | Blaze (Factory New),2024-01-19,696.246,1,Desert Eagle | Blaze (Factory New),0.06959259307156658,6.959259307156658,0.06959259307156658,True,639.7422857142857,145.57806327164604,1.6428571428571428
Jan 20 2024 01: +0,637.157,2,Desert Eagle | Blaze (Factory New),2024-01-20,637.157,2,Desert Eagle | Blaze (Factory New),-0.08868695314029731,-8.86869531402973,0.08868695314029731,True,636.689,148.9988896074167,1.7142857142857142
Jan 22 2024 01: +0,571.707,3,Desert Eagle | Blaze (Factory New),2024-01-22,571.707,3,Desert Eagle | Blaze (Factory New),-0.10838947064287821,-10.83894706428782,0.10838947064287821,True,631.6773571428572,153.14666142586597,1.7857142857142858
Jan 26 2024 01: +0,510.305,1,Desert Eagle | Blaze (Factory New),2024-01-26,510.305,1,Desert Eagle | Blaze (Factory New),-0.11361803619910829,-11.361803619910829,0.11361803619910829,True,620.0287857142857,157.61306025159942,1.7142857142857142
Jan 27 2024 01: +0,502.124,2,Desert Eagle | Blaze (Factory New),2024-01-27,502.124,2,Desert Eagle | Blaze (Factory New),-0.016161485038379355,-1.6161485038379355,0.016161485038379355,False,609.8041428571429,151.6631410168481,1.7857142857142858
Jan 28 2024 01: +0,549.355,1,Desert Eagle | Blaze (Factory New),2024-01-28,549.355,1,Desert Eagle | Blaze (Factory New),0.08989776162958373,8.989776162958373,0.08989776162958373,True,603.5743571428571,153.734412152955,1.7857142857142858
Jan 29 2024 01: +0,564.022,2,Desert Eagle | Blaze (Factory New),2024-01-29,564.022,2,Desert Eagle | Blaze (Factory New),0.026348395058425855,2.6348395058425855,0.026348395058425855,False,604.7645714285715,150.1713339053033,1.8571428571428572
Jan 31 2024 01: +0,617.511,1,Desert Eagle | Blaze (Factory New),2024-01-31,617.511,1,Desert Eagle | Blaze (Factory New),0.0906036242791505,9.06036242791505,0.0906036242791505,True,603.7204285714287,146.928647074395,1.7142857142857142
Feb 03 2024 01: +0,601.933,3,Desert Eagle | Blaze (Factory New),2024-02-03,601.933,3,Desert Eagle | Blaze (Factory New),-0.02555073867471719,-2.5550738674717186,0.02555073867471719,False,600.8216428571429,139.72714942509398,1.7857142857142858
Feb 04 2024 01: +0,615.845,1,Desert Eagle | Blaze (Factory New),2024-02-04,615.845,1,Desert Eagle | Blaze (Factory New),0.022849165060489143,2.2849165060489143,0.022849165060489143,False,599.1549285714285,136.8036878493317,1.6428571428571428
Feb 07 2024 01: +0,619.862,1,Desert Eagle | Blaze (Factory New),2024-02-07,619.862,1,Desert Eagle | Blaze (Factory New),0.006501564124804579,0.6501564124804579,0.006501564124804579,False,599.3905714285713,134.57582588024584,1.5714285714285714
Feb 09 2024 01: +0,579.515,2,Desert Eagle | Blaze (Factory New),2024-02-09,579.515,2,Desert Eagle | Blaze (Factory New),-0.06730532579132739,-6.730532579132739,0.06730532579132739,True,596.7627857142858,132.8421560699765,1.6428571428571428
Feb 10 2024 01: +0,572.312,4,Desert Eagle | Blaze (Factory New),2024-02-10,572.312,4,Desert Eagle | Blaze (Factory New),-0.012507249608905993,-1.2507249608905993,0.012507249608905993,False,591.9524285714286,132.18100771012453,1.7857142857142858
Feb 11 2024 01: +0,565.818,1,Desert Eagle | Blaze (Factory New),2024-02-11,565.818,1,Desert Eagle | Blaze (Factory New),-0.011411825495950044,-1.1411825495950043,0.011411825495950044,False,585.9794285714286,126.29666359502156,1.7857142857142858
Feb 13 2024 01: +0,563.536,4,Desert Eagle | Blaze (Factory New),2024-02-13,563.536,4,Desert Eagle | Blaze (Factory New),-0.0040412538597293405,-0.40412538597293407,0.0040412538597293405,False,576.5001428571428,124.03232870199761,2.0
Feb 15 2024 01: +0,610.148,1,Desert Eagle | Blaze (Factory New),2024-02-15,610.148,1,Desert Eagle | Blaze (Factory New),0.07947033282667322,7.947033282667322,0.07947033282667322,True,574.5709285714286,124.99597079816225,1.9285714285714286
Feb 16 2024 01: +0,566.336,1,Desert Eagle | Blaze (Factory New),2024-02-16,566.336,1,Desert Eagle | Blaze (Factory New),-0.07451400904510343,-7.451400904510343,0.07451400904510343,True,574.1872857142857,127.11135980757963,1.7857142857142858
Feb 17 2024 01: +0,582.91,3,Desert Eagle | Blaze (Factory New),2024-02-17,582.91,3,Desert Eagle | Blaze (Factory New),0.02884525886076713,2.884525886076713,0.02884525886076713,False,579.3733571428571,126.39107959731015,1.9285714285714286
Feb 18 2024 01: +0,629.44,1,Desert Eagle | Blaze (Factory New),2024-02-18,629.44,1,Desert Eagle | Blaze (Factory New),0.07679773469504207,7.679773469504207,0.07679773469504207,True,588.4673571428572,128.05369781472928,1.8571428571428572
Feb 19 2024 01: +0,547.006,2,Desert Eagle | Blaze (Factory New),2024-02-19,547.006,2,Desert Eagle | Blaze (Factory New),-0.14037076391748202,-14.0370763917482,0.14037076391748202,True,588.2995714285714,135.67945443993875,1.9285714285714286
Feb 21 2024 01: +0,554.449,1,Desert Eagle | Blaze (Factory New),2024-02-21,554.449,1,Desert Eagle | Blaze (Factory New),0.013515056525243492,1.3515056525243492,0.013515056525243492,False,587.6157857142856,135.23195262845718,1.8571428571428572
Feb 22 2024 01: +0,602.694,4,Desert Eagle | Blaze (Factory New),2024-02-22,602.694,4,Desert Eagle | Blaze (Factory New),0.08343477742939623,8.343477742939623,0.08343477742939623,True,586.5574285714285,138.65304785298932,2.0714285714285716
Feb 23 2024 01: +0,585.857,1,Desert Eagle | Blaze (Factory New),2024-02-23,585.857,1,Desert Eagle | Blaze (Factory New),-0.028333872744101093,-2.8333872744101094,0.028333872744101093,False,585.4091428571428,128.25511390263318,1.9285714285714286
Feb 25 2024 01: +0,580.943,4,Desert Eagle | Blaze (Factory New),2024-02-25,580.943,4,Desert Eagle | Blaze (Factory New),-0.008423087167182666,-0.8423087167182666,0.008423087167182666,False,582.9161428571429,117.63634716553743,2.142857142857143
Feb 28 2024 01: +0,586.332,4,Desert Eagle | Blaze (Factory New),2024-02-28,586.332,4,Desert Eagle | Blaze (Factory New),0.009233536720965472,0.9233536720965472,0.009233536720965472,False,580.5211428571428,117.51762843198135,2.357142857142857
Feb 29 2024 01: +0,665.685,1,Desert Eagle | Blaze (Factory New),2024-02-29,665.685,1,Desert Eagle | Blaze (Factory New),0.12693040363288474,12.693040363288475,0.12693040363288474,True,586.6761428571428,125.94835460815472,2.2857142857142856
Mar 01 2024 01: +0,584.441,1,Desert Eagle | Blaze (Factory New),2024-03-01,584.441,1,Desert Eagle | Blaze (Factory New),-0.13016075083837084,-13.016075083837084,0.13016075083837084,True,587.5425000000001,133.5174207406693,2.0714285714285716
Mar 02 2024 01: +0,592.062,2,Desert Eagle | Blaze (Factory New),2024-03-02,592.062,2,Desert Eagle | Blaze (Factory New),0.01295552428791264,1.2955524287912639,0.01295552428791264,False,589.4170714285714,133.61608884946486,2.142857142857143
Mar 03 2024 01: +0,653.453,1,Desert Eagle | Blaze (Factory New),2024-03-03,653.453,1,Desert Eagle | Blaze (Factory New),0.0986592509194563,9.86592509194563,0.0986592509194563,True,595.8397142857142,137.51038601793027,1.9285714285714286
Mar 04 2024 01: +0,620.594,2,Desert Eagle | Blaze (Factory New),2024-03-04,620.594,2,Desert Eagle | Blaze (Factory New),-0.05159352614503724,-5.159352614503724,0.05159352614503724,True,596.5858571428571,138.59434063312142,2.0
Mar 05 2024 01: +0,584.918,3,Desert Eagle | Blaze (Factory New),2024-03-05,584.918,3,Desert Eagle | Blaze (Factory New),-0.05920541743755805,-5.9205417437558046,0.05920541743755805,True,597.9131428571428,137.55474934354496,2.142857142857143
Mar 06 2024 01: +0,598.246,2,Desert Eagle | Blaze (Factory New),2024-03-06,598.246,2,Desert Eagle | Blaze (Factory New),0.022530374131318975,2.2530374131318975,0.022530374131318975,False,599.0085714285714,134.55833490676707,2.0714285714285716
Mar 07 2024 01: +0,583.052,1,Desert Eagle | Blaze (Factory New),2024-03-07,583.052,1,Desert Eagle | Blaze (Factory New),-0.025725664400137585,-2.5725664400137584,0.025725664400137585,False,595.6951428571429,129.32756408988726,2.0714285714285716
Mar 08 2024 01: +0,667.006,1,Desert Eagle | Blaze (Factory New),2024-03-08,667.006,1,Desert Eagle | Blaze (Factory New),0.13452266517941067,13.452266517941066,0.13452266517941067,True,604.2665714285714,130.68765108940227,2.0
Mar 09 2024 01: +0,667.945,1,Desert Eagle | Blaze (Factory New),2024-03-09,667.945,1,Desert Eagle | Blaze (Factory New),0.0014067934401518717,0.14067934401518717,0.0014067934401518717,False,612.3734285714287,130.40654300398117,2.0
Mar 10 2024 01: +0,659.954,3,Desert Eagle | Blaze (Factory New),2024-03-10,659.954,3,Desert Eagle | Blaze (Factory New),-0.012035699195737614,-1.2035699195737615,0.012035699195737614,False,616.4634285714285,127.30831514963248,1.9285714285714286
Mar 13 2024 01: +0,555.739,1,Desert Eagle | Blaze (Factory New),2024-03-13,555.739,1,Desert Eagle | Blaze (Factory New),-0.1718713760458316,-17.18713760458316,0.1718713760458316,True,614.3121428571428,141.34426328719738,1.9285714285714286
Mar 14 2024 01: +0,742.622,1,Desert Eagle | Blaze (Factory New),2024-03-14,742.622,1,Desert Eagle | Blaze (Factory New),0.28988840736779764,28.988840736779764,0.28988840736779764,True,625.8606428571428,171.40587216799562,1.7142857142857142
Mar 15 2024 01: +0,604.473,2,Desert Eagle | Blaze (Factory New),2024-03-15,604.473,2,Desert Eagle | Blaze (Factory New),-0.20583016289886452,-20.58301628988645,0.20583016289886452,True,627.1564285714286,186.4746839645859,1.5714285714285714
Mar 16 2024 01: +0,619.832,1,Desert Eagle | Blaze (Factory New),2024-03-16,619.832,1,Desert Eagle | Blaze (Factory New),0.025091469533880945,2.5091469533880946,0.025091469533880945,False,623.8812142857142,186.5106894978085,1.5714285714285714
Mar 17 2024 01: +0,668.128,2,Desert Eagle | Blaze (Factory New),2024-03-17,668.128,2,Desert Eagle | Blaze (Factory New),0.07503129836815503,7.5031298368155035,0.07503129836815503,True,629.8588571428571,188.32437057072266,1.6428571428571428
Mar 18 2024 01: +0,562.107,1,Desert Eagle | Blaze (Factory New),2024-03-18,562.107,1,Desert Eagle | Blaze (Factory New),-0.1727875487163531,-17.27875487163531,0.1727875487163531,True,627.7192142857142,196.65522608358685,1.5714285714285714
Mar 20 2024 01: +0,652.249,1,Desert Eagle | Blaze (Factory New),2024-03-20,652.249,1,Desert Eagle | Blaze (Factory New),0.1487341676305852,14.87341676305852,0.1487341676305852,True,627.6332142857143,203.39636140178067,1.5714285714285714
Mar 21 2024 01: +0,579.18,1,Desert Eagle | Blaze (Factory New),2024-03-21,579.18,1,Desert Eagle | Blaze (Factory New),-0.11881308077261864,-11.881308077261863,0.11881308077261864,True,624.6750714285714,207.8457487129643,1.5
Mar 22 2024 01: +0,560.396,1,Desert Eagle | Blaze (Factory New),2024-03-22,560.396,1,Desert Eagle | Blaze (Factory New),-0.03296963340994448,-3.296963340994448,0.03296963340994448,False,622.9235,208.17484482871666,1.3571428571428572
Mar 23 2024 01: +0,560.52,1,Desert Eagle | Blaze (Factory New),2024-03-23,560.52,1,Desert Eagle | Blaze (Factory New),0.0002212476233827581,0.02212476233827581,0.0002212476233827581,False,620.2287857142857,206.18395097669026,1.2857142857142858
Mar 24 2024 01: +0,612.761,1,Desert Eagle | Blaze (Factory New),2024-03-24,612.761,1,Desert Eagle | Blaze (Factory New),0.08911004980145744,8.911004980145744,0.08911004980145744,True,622.3508571428572,206.92164217333766,1.2857142857142858
Mar 26 2024 01: +0,589.685,2,Desert Eagle | Blaze (Factory New),2024-03-26,589.685,2,Desert Eagle | Blaze (Factory New),-0.03838647808324331,-3.838647808324331,0.03838647808324331,False,616.8279285714286,207.178149539742,1.3571428571428572
Mar 27 2024 01: +0,560.324,1,Desert Eagle | Blaze (Factory New),2024-03-27,560.324,1,Desert Eagle | Blaze (Factory New),-0.05107330817038391,-5.107330817038392,0.05107330817038391,True,609.1407142857142,206.04022261167492,1.3571428571428572
Mar 28 2024 01: +0,627.569,2,Desert Eagle | Blaze (Factory New),2024-03-28,627.569,2,Desert Eagle | Blaze (Factory New),0.11333843727027897,11.333843727027897,0.11333843727027897,True,606.8275000000001,203.87969735716104,1.2857142857142858
Mar 30 2024 01: +0,601.478,3,Desert Eagle | Blaze (Factory New),2024-03-30,601.478,3,Desert Eagle | Blaze (Factory New),-0.04246366560287789,-4.246366560287789,0.04246366560287789,False,610.0945714285715,204.50496144081788,1.4285714285714286
Mar 31 2024 01: +0,585.857,1,Desert Eagle | Blaze (Factory New),2024-03-31,585.857,1,Desert Eagle | Blaze (Factory New),-0.0263142270234973,-2.63142270234973,0.0263142270234973,False,598.8970714285714,202.62699811921777,1.4285714285714286
Apr 01 2024 01: +0,586.196,1,Desert Eagle | Blaze (Factory New),2024-04-01,586.196,1,Desert Eagle | Blaze (Factory New),0.0005784721500707007,0.05784721500707007,0.0005784721500707007,False,597.5915714285713,202.38593346588183,1.3571428571428572
Apr 02 2024 01: +0,588.132,1,Desert Eagle | Blaze (Factory New),2024-04-02,588.132,1,Desert Eagle | Blaze (Factory New),0.0032972078566597097,0.32972078566597096,0.0032972078566597097,False,595.3272857142857,202.36568750901858,1.3571428571428572
Apr 03 2024 01: +0,607.828,1,Desert Eagle | Blaze (Factory New),2024-04-03,607.828,1,Desert Eagle | Blaze (Factory New),0.03294053470657906,3.294053470657906,0.03294053470657906,False,591.0201428571428,202.66451733299934,1.2857142857142858
Apr 04 2024 01: +0,615.361,3,Desert Eagle | Blaze (Factory New),2024-04-04,615.361,3,Desert Eagle | Blaze (Factory New),0.012317140257036518,1.2317140257036518,0.012317140257036518,False,594.824,197.59481617401553,1.4285714285714286
Apr 05 2024 01: +0,611.458,2,Desert Eagle | Blaze (Factory New),2024-04-05,611.458,2,Desert Eagle | Blaze (Factory New),-0.006362818260698177,-0.6362818260698176,0.006362818260698177,False,591.910357142857,192.18176432079835,1.5
Apr 06 2024 01: +0,607.93,4,Desert Eagle | Blaze (Factory New),2024-04-06,607.93,4,Desert Eagle | Blaze (Factory New),-0.0057865254443283205,-0.5786525444328321,0.0057865254443283205,False,593.9639285714285,192.152419926268,1.7142857142857142
Apr 07 2024 01: +0,608.9,1,Desert Eagle | Blaze (Factory New),2024-04-07,608.9,1,Desert Eagle | Blaze (Factory New),0.0015943068554577367,0.15943068554577366,0.0015943068554577367,False,597.4285,188.89094446553102,1.7142857142857142
Apr 08 2024 01: +0,647.033,2,Desert Eagle | Blaze (Factory New),2024-04-08,647.033,2,Desert Eagle | Blaze (Factory New),0.060743247222465054,6.074324722246505,0.060743247222465054,True,603.6080000000001,189.2690546161149,1.7857142857142858
Apr 09 2024 01: +0,673.172,4,Desert Eagle | Blaze (Factory New),2024-04-09,673.172,4,Desert Eagle | Blaze (Factory New),0.03960357122013639,3.9603571220136393,0.03960357122013639,False,607.9230714285713,188.42359252064188,2.0
Apr 11 2024 01: +0,615.172,3,Desert Eagle | Blaze (Factory New),2024-04-11,615.172,3,Desert Eagle | Blaze (Factory New),-0.09009896555556957,-9.009896555556956,0.09009896555556957,True,609.7435714285714,191.15667260152202,2.0714285714285716
Apr 12 2024 01: +0,616.211,1,Desert Eagle | Blaze (Factory New),2024-04-12,616.211,1,Desert Eagle | Blaze (Factory New),0.0016875338486391227,0.16875338486391228,0.0016875338486391227,False,613.7354999999999,190.91454865075815,2.0714285714285716
Apr 13 2024 01: +0,586.45,1,Desert Eagle | Blaze (Factory New),2024-04-13,586.45,1,Desert Eagle | Blaze (Factory New),-0.04950202438268529,-4.950202438268529,0.04950202438268529,False,610.7984285714285,185.53294045408458,2.0
Apr 15 2024 01: +0,667.075,3,Desert Eagle | Blaze (Factory New),2024-04-15,667.075,3,Desert Eagle | Blaze (Factory New),0.1288150704048929,12.88150704048929,0.1288150704048929,True,615.4839285714286,191.25948227986072,2.0
Apr 17 2024 01: +0,668.914,2,Desert Eagle | Blaze (Factory New),2024-04-17,668.914,2,Desert Eagle | Blaze (Factory New),0.0027530184178140658,0.2753018417814066,0.0027530184178140658,False,621.4165714285715,191.2123309869934,2.0714285714285716
Apr 18 2024 01: +0,721.093,2,Desert Eagle | Blaze (Factory New),2024-04-18,721.093,2,Desert Eagle | Blaze (Factory New),0.07511261469389044,7.511261469389044,0.07511261469389044,True,631.0520714285714,182.40189052972383,2.142857142857143
Apr 21 2024 01: +0,572.925,1,Desert Eagle | Blaze (Factory New),2024-04-21,572.925,1,Desert Eagle | Blaze (Factory New),-0.23001329838857854,-23.001329838857853,0.23001329838857854,True,629.9658571428572,171.33222021461248,2.142857142857143
Apr 22 2024 01: +0,648.643,3,Desert Eagle | Blaze (Factory New),2024-04-22,648.643,3,Desert Eagle | Blaze (Factory New),0.12412767021907413,12.412767021907413,0.12412767021907413,True,632.8812142857142,161.93578171773453,2.2857142857142856
Apr 23 2024 01: +0,603.275,1,Desert Eagle | Blaze (Factory New),2024-04-23,603.275,1,Desert Eagle | Blaze (Factory New),-0.07250934248002228,-7.250934248002228,0.07250934248002228,True,632.0179285714286,163.7787583203091,2.142857142857143
Apr 25 2024 01: +0,649.592,1,Desert Eagle | Blaze (Factory New),2024-04-25,649.592,1,Desert Eagle | Blaze (Factory New),0.07397132766611374,7.3971327666113735,0.07397132766611374,True,634.7417857142857,163.7173103218442,2.0714285714285716
Apr 26 2024 01: +0,713.226,1,Desert Eagle | Blaze (Factory New),2024-04-26,713.226,1,Desert Eagle | Blaze (Factory New),0.0934538672360309,9.34538672360309,0.0934538672360309,True,642.2629285714285,154.62979958541462,1.8571428571428572
Apr 27 2024 01: +0,654.869,1,Desert Eagle | Blaze (Factory New),2024-04-27,654.869,1,Desert Eagle | Blaze (Factory New),-0.0853631251041446,-8.53631251041446,0.0853631251041446,True,645.5464285714286,149.26821952149055,1.8571428571428572
Apr 28 2024 01: +0,645.799,5,Desert Eagle | Blaze (Factory New),2024-04-28,645.799,5,Desert Eagle | Blaze (Factory New),-0.013946905776626637,-1.3946905776626637,0.013946905776626637,False,645.4582857142858,143.105142176218,2.0714285714285716
May 01 2024 01: +0,617.164,1,Desert Eagle | Blaze (Factory New),2024-05-01,617.164,1,Desert Eagle | Blaze (Factory New),-0.04535351900069141,-4.5353519000691405,0.04535351900069141,False,641.4577142857142,143.56820982187543,1.8571428571428572
May 02 2024 01: +0,589.091,1,Desert Eagle | Blaze (Factory New),2024-05-02,589.091,1,Desert Eagle | Blaze (Factory New),-0.04655411998634136,-4.655411998634136,0.04655411998634136,False,639.5947857142856,144.61429968341335,1.7142857142857142
May 03 2024 01: +0,626.598,1,Desert Eagle | Blaze (Factory New),2024-05-03,626.598,1,Desert Eagle | Blaze (Factory New),0.06172451581515373,6.172451581515373,0.06172451581515373,True,640.3367142857143,142.83443806526083,1.7142857142857142
May 04 2024 01: +0,627.622,2,Desert Eagle | Blaze (Factory New),2024-05-04,627.622,2,Desert Eagle | Blaze (Factory New),0.0016328877350484088,0.1632887735048409,0.0016328877350484088,False,643.2775714285714,142.13491578385273,1.7857142857142858
May 07 2024 01: +0,679.263,1,Desert Eagle | Blaze (Factory New),2024-05-07,679.263,1,Desert Eagle | Blaze (Factory New),0.07907031246016663,7.907031246016663,0.07907031246016663,True,644.148142857143,143.2542630898881,1.6428571428571428
May 08 2024 01: +0,680.754,2,Desert Eagle | Blaze (Factory New),2024-05-08,680.754,2,Desert Eagle | Blaze (Factory New),0.002192620529511458,0.21926205295114579,0.002192620529511458,False,644.9938571428571,137.96125279196283,1.6428571428571428
May 09 2024 01: +0,679.062,1,Desert Eagle | Blaze (Factory New),2024-05-09,679.062,1,Desert Eagle | Blaze (Factory New),-0.00248857326757806,-0.248857326757806,0.00248857326757806,False,641.9916428571429,137.0151336082607,1.5714285714285714
May 10 2024 01: +0,694.193,1,Desert Eagle | Blaze (Factory New),2024-05-10,694.193,1,Desert Eagle | Blaze (Factory New),0.022037585686209418,2.2037585686209415,0.022037585686209418,False,650.6536428571428,136.7043906346889,1.5714285714285714
May 11 2024 01: +0,721.95,4,Desert Eagle | Blaze (Factory New),2024-05-11,721.95,4,Desert Eagle | Blaze (Factory New),0.039205864589791035,3.9205864589791037,0.039205864589791035,False,655.8898571428571,137.18694195556444,1.6428571428571428
May 12 2024 01: +0,711.358,1,Desert Eagle | Blaze (Factory New),2024-05-12,711.358,1,Desert Eagle | Blaze (Factory New),-0.014780065161318157,-1.4780065161318157,0.014780065161318157,False,663.6100714285714,137.3921690746282,1.6428571428571428
May 13 2024 01: +0,733.041,3,Desert Eagle | Blaze (Factory New),2024-05-13,733.041,3,Desert Eagle | Blaze (Factory New),0.030025815582153927,3.0025815582153927,0.030025815582153927,False,669.5707142857143,137.32488995160688,1.7857142857142858
May 14 2024 01: +0,706.366,2,Desert Eagle | Blaze (Factory New),2024-05-14,706.366,2,Desert Eagle | Blaze (Factory New),-0.037068118076993575,-3.7068118076993577,0.037068118076993575,False,669.0807142857144,138.12804351627977,1.8571428571428572
May 15 2024 01: +0,711.197,1,Desert Eagle | Blaze (Factory New),2024-05-15,711.197,1,Desert Eagle | Blaze (Factory New),0.006815949207005629,0.6815949207005628,0.006815949207005629,False,673.1041428571428,138.07290687450197,1.8571428571428572
May 16 2024 01: +0,734.867,1,Desert Eagle | Blaze (Factory New),2024-05-16,734.867,1,Desert Eagle | Blaze (Factory New),0.03274006448995099,3.274006448995099,0.03274006448995099,False,679.4661428571428,138.34649284366068,1.5714285714285714
May 18 2024 01: +0,711.585,1,Desert Eagle | Blaze (Factory New),2024-05-18,711.585,1,Desert Eagle | Blaze (Factory New),-0.03219465414652757,-3.219465414652757,0.03219465414652757,False,686.2105,138.99230549141427,1.5714285714285714
May 19 2024 01: +0,698.113,1,Desert Eagle | Blaze (Factory New),2024-05-19,698.113,1,Desert Eagle | Blaze (Factory New),-0.019113895534601116,-1.9113895534601115,0.019113895534601116,False,693.9977857142857,137.76107509496555,1.5714285714285714
May 22 2024 01: +0,664.278,4,Desert Eagle | Blaze (Factory New),2024-05-22,664.278,4,Desert Eagle | Blaze (Factory New),-0.04968024422146564,-4.968024422146565,0.04968024422146564,False,696.6892142857142,138.25639217506864,1.7857142857142858
May 23 2024 01: +0,663.187,4,Desert Eagle | Blaze (Factory New),2024-05-23,663.187,4,Desert Eagle | Blaze (Factory New),-0.0016437348565039363,-0.16437348565039364,0.0016437348565039363,False,699.2295714285714,134.42651993628226,1.9285714285714286
May 24 2024 01: +0,670.786,1,Desert Eagle | Blaze (Factory New),2024-05-24,670.786,1,Desert Eagle | Blaze (Factory New),0.011393157430065031,1.139315743006503,0.011393157430065031,False,698.6240714285714,134.46171409364888,1.9285714285714286
May 26 2024 01: +0,657.45,1,Desert Eagle | Blaze (Factory New),2024-05-26,657.45,1,Desert Eagle | Blaze (Factory New),-0.02008144359606579,-2.0081443596065793,0.02008144359606579,False,696.9595,133.40805505216727,1.8571428571428572
May 27 2024 01: +0,658.043,1,Desert Eagle | Blaze (Factory New),2024-05-27,658.043,1,Desert Eagle | Blaze (Factory New),0.0009015632012737682,0.09015632012737683,0.0009015632012737682,False,695.4581428571429,125.55219938967952,1.8571428571428572
May 28 2024 01: +0,697.88,5,Desert Eagle | Blaze (Factory New),2024-05-28,697.88,5,Desert Eagle | Blaze (Factory New),0.05877688947749927,5.877688947749927,0.05877688947749927,True,695.7215,127.24173725435676,2.142857142857143
May 30 2024 01: +0,632.564,1,Desert Eagle | Blaze (Factory New),2024-05-30,632.564,1,Desert Eagle | Blaze (Factory New),-0.09826576695820959,-9.82657669582096,0.09826576695820959,True,689.3367857142857,128.9622384213962,1.9285714285714286
May 31 2024 01: +0,637.658,1,Desert Eagle | Blaze (Factory New),2024-05-31,637.658,1,Desert Eagle | Blaze (Factory New),0.008020688208308084,0.8020688208308084,0.008020688208308084,False,684.0725000000001,100.02194514745557,1.9285714285714286
Jun 01 2024 01: +0,653.791,1,Desert Eagle | Blaze (Factory New),2024-06-01,653.791,1,Desert Eagle | Blaze (Factory New),0.024985639055985744,2.498563905598574,0.024985639055985744,False,678.4117857142857,90.50709413223684,1.7857142857142858
Jun 02 2024 01: +0,690.576,2,Desert Eagle | Blaze (Factory New),2024-06-02,690.576,2,Desert Eagle | Blaze (Factory New),0.05473830344500169,5.473830344500169,0.05473830344500169,True,677.2839285714286,88.49037804258072,1.7857142857142858
Jun 03 2024 01: +0,700.923,1,Desert Eagle | Blaze (Factory New),2024-06-03,700.923,1,Desert Eagle | Blaze (Factory New),0.014872005957297606,1.4872005957297607,0.014872005957297606,False,676.5500714285714,84.98273779536046,1.7857142857142858
Jun 06 2024 01: +0,1084.834,1,Desert Eagle | Blaze (Factory New),2024-06-06,1084.834,1,Desert Eagle | Blaze (Factory New),0.4367842209577815,43.67842209577815,0.4367842209577815,True,701.5477142857143,171.52616085110074,1.7857142857142858
Jun 08 2024 01: +0,670.99,1,Desert Eagle | Blaze (Factory New),2024-06-08,670.99,1,Desert Eagle | Blaze (Factory New),-0.48042802514689426,-48.04280251468943,0.48042802514689426,True,698.6480714285715,241.43293760079843,1.7857142857142858
Jun 10 2024 01: +0,649.48,3,Desert Eagle | Blaze (Factory New),2024-06-10,649.48,3,Desert Eagle | Blaze (Factory New),-0.03258219101205815,-3.258219101205815,0.03258219101205815,False,695.1742857142857,241.6636958840129,1.9285714285714286
Jun 12 2024 01: +0,636.825,1,Desert Eagle | Blaze (Factory New),2024-06-12,636.825,1,Desert Eagle | Blaze (Factory New),-0.019677150165376748,-1.9677150165376749,0.019677150165376748,False,693.2133571428573,241.22021696940828,1.7142857142857142
Jun 13 2024 01: +0,601.64,1,Desert Eagle | Blaze (Factory New),2024-06-13,601.64,1,Desert Eagle | Blaze (Factory New),-0.056835632766524306,-5.68356327665243,0.056835632766524306,True,688.8171428571429,241.5020637323669,1.5
Jun 14 2024 01: +0,619.583,2,Desert Eagle | Blaze (Factory New),2024-06-14,619.583,2,Desert Eagle | Blaze (Factory New),0.029387411323132846,2.9387411323132846,0.029387411323132846,False,685.1597857142858,240.73585555473505,1.5714285714285714
Jun 16 2024 01: +0,611.328,1,Desert Eagle | Blaze (Factory New),2024-06-16,611.328,1,Desert Eagle | Blaze (Factory New),-0.013413031100227304,-1.3413031100227304,0.013413031100227304,False,681.8653571428571,240.77726059331238,1.5714285714285714
Jun 17 2024 01: +0,679.463,1,Desert Eagle | Blaze (Factory New),2024-06-17,679.463,1,Desert Eagle | Blaze (Factory New),0.10566914029593079,10.566914029593079,0.10566914029593079,True,683.3953571428572,242.06416389888673,1.5714285714285714
Jun 18 2024 01: +0,594.304,1,Desert Eagle | Blaze (Factory New),2024-06-18,594.304,1,Desert Eagle | Blaze (Factory New),-0.13391180734844715,-13.391180734844715,0.13391180734844715,True,675.9970714285713,246.52399202062333,1.2857142857142858
Jun 19 2024 01: +0,607.384,2,Desert Eagle | Blaze (Factory New),2024-06-19,607.384,2,Desert Eagle | Blaze (Factory New),0.02177023752263981,2.177023752263981,0.02177023752263981,False,674.1985000000001,246.69439791735545,1.3571428571428572
Jun 20 2024 01: +0,579.913,2,Desert Eagle | Blaze (Factory New),2024-06-20,579.913,2,Desert Eagle | Blaze (Factory New),-0.046283118190701654,-4.6283118190701655,0.046283118190701654,False,670.0738571428572,246.9475278124531,1.4285714285714286
Jun 21 2024 01: +0,585.521,2,Desert Eagle | Blaze (Factory New),2024-06-21,585.521,2,Desert Eagle | Blaze (Factory New),0.009623956885763923,0.9623956885763923,0.009623956885763923,False,665.1974285714286,246.48115120583878,1.5
Jun 22 2024 01: +0,590.11,1,Desert Eagle | Blaze (Factory New),2024-06-22,590.11,1,Desert Eagle | Blaze (Factory New),0.007806911024724084,0.7806911024724084,0.007806911024724084,False,658.0212857142857,246.51711956340918,1.4285714285714286
Jun 24 2024 01: +0,602.293,2,Desert Eagle | Blaze (Factory New),2024-06-24,602.293,2,Desert Eagle | Blaze (Factory New),0.02043507766708508,2.043507766708508,0.02043507766708508,False,650.9762857142857,246.36224255242638,1.5
Jun 26 2024 01: +0,632.564,2,Desert Eagle | Blaze (Factory New),2024-06-26,632.564,2,Desert Eagle | Blaze (Factory New),0.049037363386578256,4.903736338657826,0.049037363386578256,False,618.6712857142857,246.8499632414132,1.5714285714285714
Jun 28 2024 01: +0,674.058,1,Desert Eagle | Blaze (Factory New),2024-06-28,674.058,1,Desert Eagle | Blaze (Factory New),0.06353475936889603,6.353475936889604,0.06353475936889603,True,618.8904285714286,247.94382817015466,1.5714285714285714
Jun 29 2024 01: +0,605.843,1,Desert Eagle | Blaze (Factory New),2024-06-29,605.843,1,Desert Eagle | Blaze (Factory New),-0.10669528402662432,-10.669528402662431,0.10669528402662432,True,615.7735,250.25928654438144,1.4285714285714286
Jun 30 2024 01: +0,749.577,2,Desert Eagle | Blaze (Factory New),2024-06-30,749.577,2,Desert Eagle | Blaze (Factory New),0.2128881708267657,21.28881708267657,0.2128881708267657,True,623.8272142857143,261.43552168466243,1.5
Jul 01 2024 01: +0,644.291,1,Desert Eagle | Blaze (Factory New),2024-07-01,644.291,1,Desert Eagle | Blaze (Factory New),-0.15135856002363973,-15.135856002363973,0.15135856002363973,True,626.8737142857143,266.7776614756636,1.5
Jul 04 2024 01: +0,669.766,2,Desert Eagle | Blaze (Factory New),2024-07-04,669.766,2,Desert Eagle | Blaze (Factory New),0.038777910251490647,3.877791025149065,0.038777910251490647,False,630.4582142857142,266.60018896155606,1.5
Jul 08 2024 01: +0,611.719,1,Desert Eagle | Blaze (Factory New),2024-07-08,611.719,1,Desert Eagle | Blaze (Factory New),-0.09065537090663932,-9.065537090663932,0.09065537090663932,True,630.4861428571429,268.48204716200763,1.5
Jul 10 2024 01: +0,678.071,3,Desert Eagle | Blaze (Factory New),2024-07-10,678.071,3,Desert Eagle | Blaze (Factory New),0.10297897547793529,10.297897547793529,0.10297897547793529,True,630.3867142857143,270.97580660068854,1.6428571428571428
Jul 11 2024 01: +0,691.681,2,Desert Eagle | Blaze (Factory New),2024-07-11,691.681,2,Desert Eagle | Blaze (Factory New),0.019872864451863436,1.9872864451863437,0.019872864451863436,False,637.3422142857144,270.95483065025945,1.7142857142857142
Jul 13 2024 01: +0,673.099,1,Desert Eagle | Blaze (Factory New),2024-07-13,673.099,1,Desert Eagle | Blaze (Factory New),-0.027232445321323996,-2.7232445321323997,0.027232445321323996,False,642.036142857143,271.1428020822295,1.6428571428571428
Jul 14 2024 01: +0,641.82,2,Desert Eagle | Blaze (Factory New),2024-07-14,641.82,2,Desert Eagle | Blaze (Factory New),-0.04758453080612062,-4.758453080612062,0.04758453080612062,False,646.4580714285714,270.8160191964087,1.6428571428571428
Jul 15 2024 01: +0,643.47,2,Desert Eagle | Blaze (Factory New),2024-07-15,643.47,2,Desert Eagle | Blaze (Factory New),0.002567515356718678,0.25675153567186776,0.002567515356718678,False,650.5972857142857,268.616818012179,1.6428571428571428
Jul 16 2024 01: +0,613.358,2,Desert Eagle | Blaze (Factory New),2024-07-16,613.358,2,Desert Eagle | Blaze (Factory New),-0.04792662738528491,-4.792662738528491,0.04792662738528491,False,652.2578571428572,269.1298775589318,1.7142857142857142
Jul 17 2024 01: +0,602.957,3,Desert Eagle | Blaze (Factory New),2024-07-17,602.957,3,Desert Eagle | Blaze (Factory New),-0.017102894449116293,-1.7102894449116293,0.017102894449116293,False,652.3052857142858,269.01297386923534,1.7857142857142858
Jul 18 2024 01: +0,621.524,1,Desert Eagle | Blaze (Factory New),2024-07-18,621.524,1,Desert Eagle | Blaze (Factory New),0.030328642387771252,3.032864238777125,0.030328642387771252,False,651.5167142857143,268.49125712708417,1.7142857142857142
Jul 19 2024 01: +0,613.492,1,Desert Eagle | Blaze (Factory New),2024-07-19,613.492,1,Desert Eagle | Blaze (Factory New),-0.013007302325038128,-1.3007302325038128,0.013007302325038128,False,647.1905714285714,268.42709670636293,1.7142857142857142
Jul 21 2024 01: +0,624.84,3,Desert Eagle | Blaze (Factory New),2024-07-21,624.84,3,Desert Eagle | Blaze (Factory New),0.01832839283166302,1.8328392831663018,0.01832839283166302,False,648.5475,216.52004436321613,1.8571428571428572
Jul 22 2024 01: +0,656.103,1,Desert Eagle | Blaze (Factory New),2024-07-22,656.103,1,Desert Eagle | Blaze (Factory New),0.04882217185127827,4.882217185127827,0.04882217185127827,False,641.8707857142856,139.30314767486848,1.7857142857142858
Jul 23 2024 01: +0,623.475,2,Desert Eagle | Blaze (Factory New),2024-07-23,623.475,2,Desert Eagle | Blaze (Factory New),-0.05100912072882475,-5.100912072882475,0.05100912072882475,True,640.3839285714286,139.97979361485898,1.8571428571428572
Jul 24 2024 01: +0,637.831,3,Desert Eagle | Blaze (Factory New),2024-07-24,637.831,3,Desert Eagle | Blaze (Factory New),0.022764689887769175,2.2764689887769176,0.022764689887769175,False,638.1028571428571,140.06366691383104,1.9285714285714286
Jul 25 2024 01: +0,629.618,1,Desert Eagle | Blaze (Factory New),2024-07-25,629.618,1,Desert Eagle | Blaze (Factory New),-0.012960071697825266,-1.2960071697825266,0.012960071697825266,False,639.3813571428572,138.649711886262,1.9285714285714286
Jul 28 2024 01: +0,648.217,3,Desert Eagle | Blaze (Factory New),2024-07-28,648.217,3,Desert Eagle | Blaze (Factory New),0.029112230561644328,2.9112230561644328,0.029112230561644328,False,637.2489285714286,138.64278241828885,1.9285714285714286
Jul 29 2024 01: +0,635.113,2,Desert Eagle | Blaze (Factory New),2024-07-29,635.113,2,Desert Eagle | Blaze (Factory New),-0.02042258101996595,-2.042258101996595,0.02042258101996595,False,633.2083571428572,138.75922751113566,1.9285714285714286
Jul 30 2024 01: +0,687.743,5,Desert Eagle | Blaze (Factory New),2024-07-30,687.743,5,Desert Eagle | Blaze (Factory New),0.07961228581895442,7.961228581895442,0.07961228581895442,True,634.2543571428571,136.57223961228686,2.2142857142857144
Jul 31 2024 01: +0,675.16,5,Desert Eagle | Blaze (Factory New),2024-07-31,675.16,5,Desert Eagle | Blaze (Factory New),-0.01846552181511124,-1.846552181511124,0.01846552181511124,False,636.6357857142857,127.94623173864382,2.4285714285714284
Aug 02 2024 01: +0,652.921,2,Desert Eagle | Blaze (Factory New),2024-08-02,652.921,2,Desert Eagle | Blaze (Factory New),-0.03349355795486102,-3.3493557954861015,0.03349355795486102,False,637.3108571428571,128.44499977835486,2.4285714285714284
Aug 04 2024 01: +0,653.706,1,Desert Eagle | Blaze (Factory New),2024-08-04,653.706,1,Desert Eagle | Blaze (Factory New),0.0012015672329535518,0.12015672329535518,0.0012015672329535518,False,640.1928571428571,127.2415913101672,2.357142857142857
Aug 05 2024 01: +0,667.049,2,Desert Eagle | Blaze (Factory New),2024-08-05,667.049,2,Desert Eagle | Blaze (Factory New),0.020205797386876327,2.0205797386876325,0.020205797386876327,False,644.7708571428573,127.35401978207739,2.2857142857142856
Aug 06 2024 01: +0,671.113,2,Desert Eagle | Blaze (Factory New),2024-08-06,671.113,2,Desert Eagle | Blaze (Factory New),0.006074021672521024,0.6074021672521024,0.006074021672521024,False,648.3129285714285,127.3495259287252,2.357142857142857
Aug 07 2024 01: +0,738.973,2,Desert Eagle | Blaze (Factory New),2024-08-07,738.973,2,Desert Eagle | Blaze (Factory New),0.0963238562632648,9.63238562632648,0.0963238562632648,True,657.275857142857,131.2518898117065,2.4285714285714284
Aug 08 2024 01: +0,646.166,1,Desert Eagle | Blaze (Factory New),2024-08-08,646.166,1,Desert Eagle | Blaze (Factory New),-0.13420494770470073,-13.420494770470073,0.13420494770470073,True,658.799142857143,139.15776657996207,2.2857142857142856
Aug 09 2024 01: +0,742.392,1,Desert Eagle | Blaze (Factory New),2024-08-09,742.392,1,Desert Eagle | Blaze (Factory New),0.13882096883508088,13.882096883508089,0.13882096883508088,True,664.9626428571429,145.75706655450492,2.2857142857142856
Aug 10 2024 01: +0,650.463,1,Desert Eagle | Blaze (Factory New),2024-08-10,650.463,1,Desert Eagle | Blaze (Factory New),-0.13219298854058936,-13.219298854058936,0.13219298854058936,True,666.8903571428572,148.42402963112698,2.2142857142857144
Aug 12 2024 01: +0,533.171,1,Desert Eagle | Blaze (Factory New),2024-08-12,533.171,1,Desert Eagle | Blaze (Factory New),-0.19884221878298156,-19.884221878298156,0.19884221878298156,True,659.4146428571429,144.34717878967754,2.0714285714285716
Aug 15 2024 01: +0,849.091,1,Desert Eagle | Blaze (Factory New),2024-08-15,849.091,1,Desert Eagle | Blaze (Factory New),0.4653241672626021,46.53241672626021,0.4653241672626021,True,675.0912857142857,213.00805692135887,2.0714285714285716
Aug 16 2024 01: +0,651.549,1,Desert Eagle | Blaze (Factory New),2024-08-16,651.549,1,Desert Eagle | Blaze (Factory New),-0.2648137607027829,-26.48137607027829,0.2648137607027829,True,675.3292857142858,233.079064637431,1.9285714285714286
Aug 17 2024 01: +0,635.036,1,Desert Eagle | Blaze (Factory New),2024-08-17,635.036,1,Desert Eagle | Blaze (Factory New),-0.02567091458901534,-2.567091458901534,0.02567091458901534,False,675.3237857142857,231.02321918277275,1.8571428571428572
Aug 21 2024 01: +0,645.52,1,Desert Eagle | Blaze (Factory New),2024-08-21,645.52,1,Desert Eagle | Blaze (Factory New),0.01637450334115625,1.637450334115625,0.01637450334115625,False,672.3078571428572,228.1807750657391,1.5714285714285714
Aug 22 2024 01: +0,673.791,3,Desert Eagle | Blaze (Factory New),2024-08-22,673.791,3,Desert Eagle | Blaze (Factory New),0.042863780263742976,4.286378026374297,0.042863780263742976,False,672.2100714285715,228.59413599184023,1.4285714285714286
Aug 23 2024 01: +0,639.173,1,Desert Eagle | Blaze (Factory New),2024-08-23,639.173,1,Desert Eagle | Blaze (Factory New),-0.05274482054445119,-5.274482054445119,0.05274482054445119,True,671.2280714285715,229.1369652907132,1.3571428571428572
Aug 24 2024 01: +0,598.671,1,Desert Eagle | Blaze (Factory New),2024-08-24,598.671,1,Desert Eagle | Blaze (Factory New),-0.06546295478435435,-6.546295478435435,0.06546295478435435,True,667.2970000000001,229.67157141462957,1.3571428571428572
Aug 25 2024 01: +0,622.866,2,Desert Eagle | Blaze (Factory New),2024-08-25,622.866,2,Desert Eagle | Blaze (Factory New),0.03961920889495862,3.9619208894958615,0.03961920889495862,False,664.1410714285714,230.13396465618118,1.3571428571428572
Aug 30 2024 01: +0,653.593,1,Desert Eagle | Blaze (Factory New),2024-08-30,653.593,1,Desert Eagle | Blaze (Factory New),0.04815342620397383,4.815342620397383,0.04815342620397383,False,662.8896428571428,230.1127801797977,1.2857142857142858
Aug 31 2024 01: +0,608.781,2,Desert Eagle | Blaze (Factory New),2024-08-31,608.781,2,Desert Eagle | Blaze (Factory New),-0.07102623644926485,-7.102623644926485,0.07102623644926485,True,653.5902142857143,231.44451592849285,1.2857142857142858
Sep 01 2024 01: +0,673.189,3,Desert Eagle | Blaze (Factory New),2024-09-01,673.189,3,Desert Eagle | Blaze (Factory New),0.10056752518901664,10.056752518901664,0.10056752518901664,True,655.5204285714286,233.87470259082443,1.4285714285714286
Sep 02 2024 01: +0,721.72,1,Desert Eagle | Blaze (Factory New),2024-09-02,721.72,1,Desert Eagle | Blaze (Factory New),0.06961112972622499,6.961112972622499,0.06961112972622499,True,654.0438571428571,234.9510161668575,1.4285714285714286
Sep 04 2024 01: +0,744.94,1,Desert Eagle | Blaze (Factory New),2024-09-04,744.94,1,Desert Eagle | Blaze (Factory New),0.03166642618343902,3.166642618343902,0.03166642618343902,False,660.7922142857143,235.08930094319877,1.4285714285714286
Sep 05 2024 01: +0,717.727,1,Desert Eagle | Blaze (Factory New),2024-09-05,717.727,1,Desert Eagle | Blaze (Factory New),-0.037214404319570654,-3.7214404319570655,0.037214404319570654,False,673.9747857142856,235.02583896070828,1.4285714285714286
Sep 06 2024 01: +0,717.179,2,Desert Eagle | Blaze (Factory New),2024-09-06,717.179,2,Desert Eagle | Blaze (Factory New),-0.0007638131370868766,-0.07638131370868766,0.0007638131370868766,False,664.5525,234.22488096278275,1.5
Sep 07 2024 01: +0,703.555,1,Desert Eagle | Blaze (Factory New),2024-09-07,703.555,1,Desert Eagle | Blaze (Factory New),-0.019179406742431637,-1.9179406742431637,0.019179406742431637,False,668.2672142857143,234.2739095782706,1.5
Sep 11 2024 01: +0,701.127,1,Desert Eagle | Blaze (Factory New),2024-09-11,701.127,1,Desert Eagle | Blaze (Factory New),-0.003457013641626667,-0.34570136416266667,0.003457013641626667,False,672.988,234.21449490139295,1.5
Sep 13 2024 01: +0,633.88,1,Desert Eagle | Blaze (Factory New),2024-09-13,633.88,1,Desert Eagle | Blaze (Factory New),-0.10082937830821324,-10.082937830821324,0.10082937830821324,True,672.1565714285714,236.80328602957684,1.5
Sep 14 2024 01: +0,641.428,1,Desert Eagle | Blaze (Factory New),2024-09-14,641.428,1,Desert Eagle | Blaze (Factory New),0.011837278737385493,1.1837278737385493,0.011837278737385493,False,669.8449285714286,236.73323681510823,1.3571428571428572
Sep 15 2024 01: +0,635.689,1,Desert Eagle | Blaze (Factory New),2024-09-15,635.689,1,Desert Eagle | Blaze (Factory New),-0.008987490778976735,-0.8987490778976734,0.008987490778976735,False,669.5960714285713,235.00954317087178,1.3571428571428572
Sep 17 2024 01: +0,703.897,1,Desert Eagle | Blaze (Factory New),2024-09-17,703.897,1,Desert Eagle | Blaze (Factory New),0.1019225886029579,10.19225886029579,0.1019225886029579,True,677.1122142857142,237.72410749288895,1.3571428571428572
Sep 19 2024 01: +0,639.369,2,Desert Eagle | Blaze (Factory New),2024-09-19,639.369,2,Desert Eagle | Blaze (Factory New),-0.09615028613833752,-9.615028613833752,0.09615028613833752,True,678.2909999999999,239.87617599581594,1.3571428571428572
Sep 20 2024 01: +0,622.568,2,Desert Eagle | Blaze (Factory New),2024-09-20,622.568,2,Desert Eagle | Blaze (Factory New),-0.026628893176903652,-2.6628893176903654,0.026628893176903652,False,676.0749285714286,240.0447858383775,1.4285714285714286
Sep 21 2024 01: +0,636.003,1,Desert Eagle | Blaze (Factory New),2024-09-21,636.003,1,Desert Eagle | Blaze (Factory New),0.02135042098939637,2.135042098939637,0.02135042098939637,False,678.0193571428571,240.05822050598647,1.3571428571428572
Sep 27 2024 01: +0,634.423,1,Desert Eagle | Blaze (Factory New),2024-09-27,634.423,1,Desert Eagle | Blaze (Factory New),-0.002487355917800217,-0.2487355917800217,0.002487355917800217,False,675.2503571428572,240.04239862909955,1.2142857142857142
Sep 29 2024 01: +0,620.702,1,Desert Eagle | Blaze (Factory New),2024-09-29,620.702,1,Desert Eagle | Blaze (Factory New),-0.021864828809393815,-2.1864828809393817,0.021864828809393815,False,668.0347857142857,237.48343377471954,1.2142857142857142
Sep 30 2024 01: +0,649.374,4,Desert Eagle | Blaze (Factory New),2024-09-30,649.374,4,Desert Eagle | Blaze (Factory New),0.04515772632711871,4.515772632711871,0.04515772632711871,False,661.2086428571428,233.48589022190254,1.4285714285714286
Oct 02 2024 01: +0,640.808,3,Desert Eagle | Blaze (Factory New),2024-10-02,640.808,3,Desert Eagle | Blaze (Factory New),-0.01327894183932711,-1.327894183932711,0.01327894183932711,False,655.7144285714286,228.0824320087619,1.5714285714285714
Oct 03 2024 01: +0,655.604,2,Desert Eagle | Blaze (Factory New),2024-10-03,655.604,2,Desert Eagle | Blaze (Factory New),0.022827068061604065,2.2827068061604066,0.022827068061604065,False,651.3162142857143,223.55831887838877,1.5714285714285714
Oct 05 2024 01: +0,650.527,1,Desert Eagle | Blaze (Factory New),2024-10-05,650.527,1,Desert Eagle | Blaze (Factory New),-0.007774144507707431,-0.7774144507707431,0.007774144507707431,False,647.5285,211.7635062566344,1.5714285714285714
Oct 08 2024 01: +0,628.37,1,Desert Eagle | Blaze (Factory New),2024-10-08,628.37,1,Desert Eagle | Blaze (Factory New),-0.03465363867556866,-3.465363867556866,0.03465363867556866,False,642.3315714285715,132.39442997875247,1.5714285714285714
Oct 09 2024 01: +0,653.956,3,Desert Eagle | Blaze (Factory New),2024-10-09,653.956,3,Desert Eagle | Blaze (Factory New),0.03991090595739664,3.9910905957396636,0.03991090595739664,False,643.7655714285714,96.34660429219404,1.7142857142857142
Oct 11 2024 01: +0,645.297,2,Desert Eagle | Blaze (Factory New),2024-10-11,645.297,2,Desert Eagle | Blaze (Factory New),-0.013329394975928888,-1.3329394975928888,0.013329394975928888,False,644.0419285714286,96.02638683156121,1.7857142857142858
Oct 14 2024 01: +0,624.99,2,Desert Eagle | Blaze (Factory New),2024-10-14,624.99,2,Desert Eagle | Blaze (Factory New),-0.03197502632212237,-3.197502632212237,0.03197502632212237,False,643.2777142857143,96.50231747545044,1.8571428571428572
Oct 15 2024 01: +0,649.737,1,Desert Eagle | Blaze (Factory New),2024-10-15,649.737,1,Desert Eagle | Blaze (Factory New),0.03883201601777536,3.883201601777536,0.03883201601777536,False,639.4091428571429,96.28125188755055,1.8571428571428572
Oct 16 2024 01: +0,624.701,1,Desert Eagle | Blaze (Factory New),2024-10-16,624.701,1,Desert Eagle | Blaze (Factory New),-0.03929453035956373,-3.9294530359563726,0.03929453035956373,False,638.3614285714286,95.48618459826885,1.7857142857142858
Oct 17 2024 01: +0,659.656,2,Desert Eagle | Blaze (Factory New),2024-10-17,659.656,2,Desert Eagle | Blaze (Factory New),0.05444535175439318,5.444535175439318,0.05444535175439318,True,641.0105714285713,94.41427668956972,1.7857142857142858
Oct 19 2024 01: +0,666.712,2,Desert Eagle | Blaze (Factory New),2024-10-19,666.712,2,Desert Eagle | Blaze (Factory New),0.010639681541072353,1.0639681541072354,0.010639681541072353,False,643.2040714285714,93.54573770350837,1.8571428571428572
Oct 20 2024 01: +0,667.937,2,Desert Eagle | Blaze (Factory New),2024-10-20,667.937,2,Desert Eagle | Blaze (Factory New),0.0018356891497252655,0.18356891497252656,0.0018356891497252655,False,645.5979285714285,92.06966808565589,1.9285714285714286
Oct 23 2024 01: +0,650.399,2,Desert Eagle | Blaze (Factory New),2024-10-23,650.399,2,Desert Eagle | Blaze (Factory New),-0.02660783699475899,-2.660783699475899,0.02660783699475899,False,647.719142857143,88.96416668932056,2.0
Oct 24 2024 01: +0,703.035,1,Desert Eagle | Blaze (Factory New),2024-10-24,703.035,1,Desert Eagle | Blaze (Factory New),0.07782065648304212,7.782065648304212,0.07782065648304212,True,651.5520714285715,86.10664260667981,1.7857142857142858
Oct 29 2024 01: +0,630.9,3,Desert Eagle | Blaze (Factory New),2024-10-29,630.9,3,Desert Eagle | Blaze (Factory New),-0.1082593058233221,-10.82593058233221,0.1082593058233221,True,650.8443571428571,90.61780633802024,1.7857142857142858
Oct 31 2024 01: +0,671.562,1,Desert Eagle | Blaze (Factory New),2024-10-31,671.562,1,Desert Eagle | Blaze (Factory New),0.06245897092744797,6.245897092744797,0.06245897092744797,True,651.9842142857143,92.77473359584822,1.7142857142857142
Nov 02 2024 01: +0,631.498,2,Desert Eagle | Blaze (Factory New),2024-11-02,631.498,2,Desert Eagle | Blaze (Factory New),-0.061511567581230615,-6.1511567581230615,0.061511567581230615,True,650.625,94.26264582393459,1.7857142857142858
Nov 03 2024 01: +0,650.198,2,Desert Eagle | Blaze (Factory New),2024-11-03,650.198,2,Desert Eagle | Blaze (Factory New),0.029182157165470273,2.9182157165470275,0.029182157165470273,False,652.1841428571428,94.97871286044673,1.8571428571428572
Nov 05 2024 01: +0,649.786,2,Desert Eagle | Blaze (Factory New),2024-11-05,649.786,2,Desert Eagle | Blaze (Factory New),-0.0006338539763476657,-0.06338539763476657,0.0006338539763476657,False,651.8862857142857,94.80781997976219,1.7857142857142858
Nov 06 2024 01: +0,635.689,1,Desert Eagle | Blaze (Factory New),2024-11-06,635.689,1,Desert Eagle | Blaze (Factory New),-0.021933627879087703,-2.1933627879087703,0.021933627879087703,False,651.2,95.0463618691618,1.7142857142857142
Nov 07 2024 01: +0,663.345,2,Desert Eagle | Blaze (Factory New),2024-11-07,663.345,2,Desert Eagle | Blaze (Factory New),0.042585766802444726,4.258576680244473,0.042585766802444726,False,653.9396428571428,89.52149432839616,1.7142857142857142
Nov 08 2024 01: +0,653.79,2,Desert Eagle | Blaze (Factory New),2024-11-08,653.79,2,Desert Eagle | Blaze (Factory New),-0.014509017859631499,-1.45090178596315,0.014509017859631499,False,654.2291428571428,89.61076706220462,1.7857142857142858
Nov 09 2024 01: +0,657.54,2,Desert Eagle | Blaze (Factory New),2024-11-09,657.54,2,Desert Eagle | Blaze (Factory New),0.005719399727526331,0.5719399727526331,0.005719399727526331,False,656.5747857142857,89.55879134834045,1.8571428571428572
Nov 11 2024 01: +0,639.518,1,Desert Eagle | Blaze (Factory New),2024-11-11,639.518,1,Desert Eagle | Blaze (Factory New),-0.02779083109074164,-2.779083109074164,0.02779083109074164,False,655.1363571428572,82.32068857495518,1.7857142857142858
Nov 12 2024 01: +0,651.976,6,Desert Eagle | Blaze (Factory New),2024-11-12,651.976,6,Desert Eagle | Blaze (Factory New),0.019292983820589953,1.9292983820589953,0.019292983820589953,False,654.0837857142858,75.47823060180417,2.0714285714285716
Nov 13 2024 01: +0,703.633,1,Desert Eagle | Blaze (Factory New),2024-11-13,703.633,1,Desert Eagle | Blaze (Factory New),0.07624916197901518,7.624916197901518,0.07624916197901518,True,656.6335,79.23515314788344,2.0
Nov 14 2024 01: +0,647.246,4,Desert Eagle | Blaze (Factory New),2024-11-14,647.246,4,Desert Eagle | Blaze (Factory New),-0.08353047479194349,-8.353047479194348,0.08353047479194349,True,656.4082857142856,84.62026574101274,2.142857142857143
Nov 15 2024 01: +0,649.544,4,Desert Eagle | Blaze (Factory New),2024-11-15,649.544,4,Desert Eagle | Blaze (Factory New),0.0035441396146125956,0.3544139614612596,0.0035441396146125956,False,652.5874999999999,84.61886410016905,2.357142857142857
Nov 16 2024 01: +0,636.187,4,Desert Eagle | Blaze (Factory New),2024-11-16,636.187,4,Desert Eagle | Blaze (Factory New),-0.02077803295445899,-2.077803295445899,0.02077803295445899,False,652.965142857143,84.58309196752238,2.4285714285714284
Nov 17 2024 01: +0,662.477,3,Desert Eagle | Blaze (Factory New),2024-11-17,662.477,3,Desert Eagle | Blaze (Factory New),0.04049329499616736,4.049329499616737,0.04049329499616736,False,652.3162142857143,84.29050374475302,2.5714285714285716
Nov 18 2024 01: +0,650.683,3,Desert Eagle | Blaze (Factory New),2024-11-18,650.683,3,Desert Eagle | Blaze (Factory New),-0.017963259827713834,-1.7963259827713833,0.017963259827713834,False,653.6865714285715,84.40380250019948,2.642857142857143
Nov 19 2024 01: +0,664.427,1,Desert Eagle | Blaze (Factory New),2024-11-19,664.427,1,Desert Eagle | Blaze (Factory New),0.020902434634326065,2.0902434634326066,0.020902434634326065,False,654.7029285714286,84.34239941267195,2.5714285714285716
Nov 20 2024 01: +0,678.742,1,Desert Eagle | Blaze (Factory New),2024-11-20,678.742,1,Desert Eagle | Blaze (Factory New),0.021316069723468882,2.131606972346888,0.021316069723468882,False,656.7712142857143,84.5955601261898,2.5
Nov 21 2024 01: +0,651.167,1,Desert Eagle | Blaze (Factory New),2024-11-21,651.167,1,Desert Eagle | Blaze (Factory New),-0.04147494707807846,-4.147494707807846,0.04147494707807846,False,657.8767857142857,84.99413787481733,2.5
Nov 22 2024 01: +0,650.513,1,Desert Eagle | Blaze (Factory New),2024-11-22,650.513,1,Desert Eagle | Blaze (Factory New),-0.0010048553485196223,-0.10048553485196222,0.0010048553485196223,False,656.9602142857144,83.83828817048072,2.4285714285714284
Nov 23 2024 01: +0,665.442,1,Desert Eagle | Blaze (Factory New),2024-11-23,665.442,1,Desert Eagle | Blaze (Factory New),0.022690199140180518,2.2690199140180516,0.022690199140180518,False,657.7924999999999,84.06811547386485,2.357142857142857
Nov 24 2024 01: +0,664.379,1,Desert Eagle | Blaze (Factory New),2024-11-24,664.379,1,Desert Eagle | Blaze (Factory New),-0.0015987117460294009,-0.1598711746029401,0.0015987117460294009,False,658.2810000000001,83.23089333103971,2.2857142857142856
Nov 25 2024 01: +0,628.319,1,Desert Eagle | Blaze (Factory New),2024-11-25,628.319,1,Desert Eagle | Blaze (Factory New),-0.055804770491507394,-5.58047704915074,0.055804770491507394,True,657.4810714285715,84.50150557416313,2.2857142857142856
Nov 26 2024 01: +0,623.292,1,Desert Eagle | Blaze (Factory New),2024-11-26,623.292,1,Desert Eagle | Blaze (Factory New),-0.008032890461244729,-0.8032890461244729,0.008032890461244729,False,655.4322142857143,83.42049997152613,1.9285714285714286
Nov 27 2024 01: +0,633.996,5,Desert Eagle | Blaze (Factory New),2024-11-27,633.996,5,Desert Eagle | Blaze (Factory New),0.017027536447579126,1.7027536447579126,0.017027536447579126,False,650.4581428571429,81.33754681258104,2.2142857142857144
Nov 28 2024 01: +0,638.742,2,Desert Eagle | Blaze (Factory New),2024-11-28,638.742,2,Desert Eagle | Blaze (Factory New),0.007457971708584707,0.7457971708584707,0.007457971708584707,False,649.8507142857143,81.28620729106146,2.0714285714285716
Nov 30 2024 01: +0,627.13,1,Desert Eagle | Blaze (Factory New),2024-11-30,627.13,1,Desert Eagle | Blaze (Factory New),-0.018346761312842557,-1.8346761312842557,0.018346761312842557,False,648.2497142857143,81.48878626509791,1.8571428571428572
Dec 01 2024 01: +0,650.801,1,Desert Eagle | Blaze (Factory New),2024-12-01,650.801,1,Desert Eagle | Blaze (Factory New),0.037050056249276916,3.7050056249276917,0.037050056249276916,False,649.2935714285713,82.10211716020763,1.6428571428571428
Dec 02 2024 01: +0,657.485,3,Desert Eagle | Blaze (Factory New),2024-12-02,657.485,3,Desert Eagle | Blaze (Factory New),0.010218038189393328,1.0218038189393328,0.010218038189393328,False,648.937,77.28420378583867,1.6428571428571428
Dec 03 2024 01: +0,627.826,2,Desert Eagle | Blaze (Factory New),2024-12-03,627.826,2,Desert Eagle | Blaze (Factory New),-0.04615889208996776,-4.6158892089967765,0.04615889208996776,False,647.304357142857,69.1709956709883,1.5714285714285714
Dec 04 2024 01: +0,674.721,1,Desert Eagle | Blaze (Factory New),2024-12-04,674.721,1,Desert Eagle | Blaze (Factory New),0.07203621407992557,7.203621407992557,0.07203621407992557,True,648.0396428571429,70.33318131057385,1.5714285714285714
Dec 07 2024 01: +0,644.387,2,Desert Eagle | Blaze (Factory New),2024-12-07,644.387,2,Desert Eagle | Blaze (Factory New),-0.04599979479919318,-4.599979479919318,0.04599979479919318,False,645.5857142857142,68.81305805239943,1.6428571428571428
Dec 08 2024 01: +0,639.649,2,Desert Eagle | Blaze (Factory New),2024-12-08,639.649,2,Desert Eagle | Blaze (Factory New),-0.007379888887373104,-0.7379888887373104,0.007379888887373104,False,644.763,68.08449152787189,1.7142857142857142
Dec 10 2024 01: +0,641.118,4,Desert Eagle | Blaze (Factory New),2024-12-10,641.118,4,Desert Eagle | Blaze (Factory New),0.002293938935302921,0.22939389353029213,0.002293938935302921,False,644.0919285714284,68.09167060040092,1.9285714285714286
Dec 11 2024 01: +0,631.104,3,Desert Eagle | Blaze (Factory New),2024-12-11,631.104,3,Desert Eagle | Blaze (Factory New),-0.015742860632301136,-1.5742860632301137,0.015742860632301136,False,641.6392142857143,67.87971381769687,2.0714285714285716
Dec 12 2024 01: +0,685.636,1,Desert Eagle | Blaze (Factory New),2024-12-12,685.636,1,Desert Eagle | Blaze (Factory New),0.08287620794662827,8.287620794662827,0.08287620794662827,True,643.1575714285715,72.38449250837239,2.0714285714285716
Dec 13 2024 01: +0,649.331,1,Desert Eagle | Blaze (Factory New),2024-12-13,649.331,1,Desert Eagle | Blaze (Factory New),-0.05440427255773611,-5.440427255773611,0.05440427255773611,True,644.6584285714287,74.76587209263448,2.0714285714285716
Dec 15 2024 01: +0,634.831,1,Desert Eagle | Blaze (Factory New),2024-12-15,634.831,1,Desert Eagle | Blaze (Factory New),-0.022583780360343857,-2.2583780360343857,0.022583780360343857,False,645.4826428571429,75.13338463372914,2.0714285714285716
Dec 16 2024 01: +0,630.923,4,Desert Eagle | Blaze (Factory New),2024-12-16,630.923,4,Desert Eagle | Blaze (Factory New),-0.006174995169434573,-0.6174995169434573,0.006174995169434573,False,645.2631428571428,74.54550309863725,2.0
Dec 17 2024 01: +0,633.375,4,Desert Eagle | Blaze (Factory New),2024-12-17,633.375,4,Desert Eagle | Blaze (Factory New),0.0038788372270960746,0.38788372270960747,0.0038788372270960746,False,644.8797857142856,74.2248646338631,2.142857142857143
Dec 19 2024 01: +0,657.912,1,Desert Eagle | Blaze (Factory New),2024-12-19,657.912,1,Desert Eagle | Blaze (Factory New),0.03800851998361547,3.800851998361547,0.03800851998361547,False,647.0785,70.31344308397736,2.142857142857143
Dec 20 2024 01: +0,645.831,3,Desert Eagle | Blaze (Factory New),2024-12-20,645.831,3,Desert Eagle | Blaze (Factory New),-0.018533324130049232,-1.8533324130049231,0.018533324130049232,False,646.7235000000001,64.2491015250434,2.2857142857142856
Dec 21 2024 01: +0,767.513,2,Desert Eagle | Blaze (Factory New),2024-12-21,767.513,2,Desert Eagle | Blaze (Factory New),0.17261755777901325,17.261755777901325,0.17261755777901325,True,654.5826428571428,88.08990583551497,2.2142857142857144
Dec 22 2024 01: +0,593.515,1,Desert Eagle | Blaze (Factory New),2024-12-22,593.515,1,Desert Eagle | Blaze (Factory New),-0.2570929298988131,-25.70929298988131,0.2570929298988131,True,652.1318571428573,126.96925016950489,2.142857142857143
Dec 23 2024 01: +0,600.019,1,Desert Eagle | Blaze (Factory New),2024-12-23,600.019,1,Desert Eagle | Blaze (Factory New),0.010898833851594646,1.0898833851594645,0.010898833851594646,False,646.796,126.13028431128505,2.142857142857143
Dec 24 2024 01: +0,614.433,2,Desert Eagle | Blaze (Factory New),2024-12-24,614.433,2,Desert Eagle | Blaze (Factory New),0.023738569947146865,2.3738569947146866,0.023738569947146865,False,644.6564285714286,126.35867695427068,2.142857142857143
Dec 25 2024 01: +0,657.989,1,Desert Eagle | Blaze (Factory New),2024-12-25,657.989,1,Desert Eagle | Blaze (Factory New),0.06848832253177159,6.848832253177159,0.06848832253177159,True,645.9664285714285,128.51181837987585,2.0714285714285716
Dec 27 2024 01: +0,657.506,2,Desert Eagle | Blaze (Factory New),2024-12-27,657.506,2,Desert Eagle | Blaze (Factory New),-0.0007343243747854327,-0.07343243747854326,0.0007343243747854327,False,647.1370000000001,128.27441436193203,1.9285714285714286
Dec 28 2024 01: +0,640.354,3,Desert Eagle | Blaze (Factory New),2024-12-28,640.354,3,Desert Eagle | Blaze (Factory New),-0.02643274104909739,-2.643274104909739,0.02643274104909739,False,647.7977142857143,127.7842806734105,1.9285714285714286
Dec 30 2024 01: +0,613.596,1,Desert Eagle | Blaze (Factory New),2024-12-30,613.596,1,Desert Eagle | Blaze (Factory New),-0.042684417309496195,-4.268441730949619,0.042684417309496195,False,642.6519999999999,128.62685005001572,1.9285714285714286
Dec 31 2024 01: +0,613.332,1,Desert Eagle | Blaze (Factory New),2024-12-31,613.332,1,Desert Eagle | Blaze (Factory New),-0.0004303431074590777,-0.043034310745907765,0.0004303431074590777,False,640.0806428571428,128.3219129241042,1.9285714285714286
